-- MySQL dump 10.13  Distrib 5.5.36, for Linux (x86_64)
--
-- Host: localhost    Database: zhuanqian
-- ------------------------------------------------------
-- Server version	5.5.36-log

/*!40101 SET @OLD_CHARACTER_SET_CLIENT=@@CHARACTER_SET_CLIENT */;
/*!40101 SET @OLD_CHARACTER_SET_RESULTS=@@CHARACTER_SET_RESULTS */;
/*!40101 SET @OLD_COLLATION_CONNECTION=@@COLLATION_CONNECTION */;
/*!40101 SET NAMES utf8 */;
/*!40103 SET @OLD_TIME_ZONE=@@TIME_ZONE */;
/*!40103 SET TIME_ZONE='+00:00' */;
/*!40014 SET @OLD_UNIQUE_CHECKS=@@UNIQUE_CHECKS, UNIQUE_CHECKS=0 */;
/*!40014 SET @OLD_FOREIGN_KEY_CHECKS=@@FOREIGN_KEY_CHECKS, FOREIGN_KEY_CHECKS=0 */;
/*!40101 SET @OLD_SQL_MODE=@@SQL_MODE, SQL_MODE='NO_AUTO_VALUE_ON_ZERO' */;
/*!40111 SET @OLD_SQL_NOTES=@@SQL_NOTES, SQL_NOTES=0 */;

--
-- Table structure for table `db_exchange_log`
--

DROP TABLE IF EXISTS `db_exchange_log`;
/*!40101 SET @saved_cs_client     = @@character_set_client */;
/*!40101 SET character_set_client = utf8 */;
CREATE TABLE `db_exchange_log` (
  `user_id` varchar(255) NOT NULL COMMENT '用户id',
  `time` int(11) unsigned NOT NULL COMMENT '时间',
  `type` smallint(5) unsigned NOT NULL COMMENT '兑换类型',
  `account` varchar(255) NOT NULL COMMENT '账户',
  `num` int(11) unsigned NOT NULL COMMENT '兑换数量',
  PRIMARY KEY (`user_id`,`time`),
  KEY `idx_db_exchange_log_time` (`time`)
) ENGINE=InnoDB DEFAULT CHARSET=utf8;
/*!40101 SET character_set_client = @saved_cs_client */;

--
-- Dumping data for table `db_exchange_log`
--

LOCK TABLES `db_exchange_log` WRITE;
/*!40000 ALTER TABLE `db_exchange_log` DISABLE KEYS */;
INSERT INTO `db_exchange_log` VALUES ('[54,51,54,69,70,51,70,53,45,52,55,70,67,45,52,67,69,51,45,57,57,67,57,45,70,50,52,67,65,55,68,51,70,65,50,55]',1411315581,0,'[49,56,54,57,55,52,48,56,51,56,48]',900),('[57,49,49,53,51,49,66,65,45,56,57,68,70,45,52,48,65,57,45,65,51,57,53,45,56,68,57,49,55,66,55,53,50,69,66,53]',1411310497,0,'[100,107,107,100,110,120,110,109]',400),('[57,49,49,53,51,49,66,65,45,56,57,68,70,45,52,48,65,57,45,65,51,57,53,45,56,68,57,49,55,66,55,53,50,69,66,53]',1411311270,0,'[100,107,107,100,110,120,110,109]',200),('[57,49,49,53,51,49,66,65,45,56,57,68,70,45,52,48,65,57,45,65,51,57,53,45,56,68,57,49,55,66,55,53,50,69,66,53]',1411311282,0,'[100,107,107,100,110,120,110,109]',20),('[57,49,49,53,51,49,66,65,45,56,57,68,70,45,52,48,65,57,45,65,51,57,53,45,56,68,57,49,55,66,55,53,50,69,66,53]',1411311727,0,'[100,107,107,100,110,120,110,109]',2),('[57,49,49,53,51,49,66,65,45,56,57,68,70,45,52,48,65,57,45,65,51,57,53,45,56,68,57,49,55,66,55,53,50,69,66,53]',1411311918,0,'[100,107,107,100,110,120,110,109]',2),('[57,49,49,53,51,49,66,65,45,56,57,68,70,45,52,48,65,57,45,65,51,57,53,45,56,68,57,49,55,66,55,53,50,69,66,53]',1411312054,0,'[100,107,107,100,110,120,110,109]',3),('[65,68,48,69,70,55,50,53,45,67,69,53,55,45,52,48,49,69,45,66,49,69,51,45,51,65,56,55,48,67,52,69,67,53,65,56]',1411315414,0,'[49,56,54,57,55,52,48,56,51,56,48]',320);
/*!40000 ALTER TABLE `db_exchange_log` ENABLE KEYS */;
UNLOCK TABLES;

--
-- Table structure for table `db_task_log`
--

DROP TABLE IF EXISTS `db_task_log`;
/*!40101 SET @saved_cs_client     = @@character_set_client */;
/*!40101 SET character_set_client = utf8 */;
CREATE TABLE `db_task_log` (
  `user_id` varchar(255) NOT NULL COMMENT '用户id',
  `time` int(11) unsigned NOT NULL COMMENT '完成时间',
  `channel` int(6) unsigned NOT NULL COMMENT '渠道',
  `trand_no` varchar(255) NOT NULL COMMENT '交易流水号',
  `app_name` varchar(255) NOT NULL COMMENT '应用名称',
  `score` int(11) unsigned DEFAULT NULL COMMENT '获得积分'
) ENGINE=InnoDB DEFAULT CHARSET=utf8;
/*!40101 SET character_set_client = @saved_cs_client */;

--
-- Dumping data for table `db_task_log`
--

LOCK TABLES `db_task_log` WRITE;
/*!40000 ALTER TABLE `db_task_log` DISABLE KEYS */;
INSERT INTO `db_task_log` VALUES ('199856BA-21F8-44D8-95CC-EF82BBCF7B48',1411192949,2,'1035124','汽车报价',150),('199856BA-21F8-44D8-95CC-EF82BBCF7B48',1411192974,4,'c701673f56644958ba557dbc5133d627','黑暗光年',900),('199856BA-21F8-44D8-95CC-EF82BBCF7B48',1411192991,5,'139087735','海岛奇兵',70),('E59648E0-FD9B-4051-9D16-CA628FBA75A5',1411193026,2,'387116','铁友火车票',150),('E59648E0-FD9B-4051-9D16-CA628FBA75A5',1411193394,2,'388087','汽车报价',200),('E59648E0-FD9B-4051-9D16-CA628FBA75A5',1411193789,3,'20140920141237328','性价比-情趣社区商城',270),('E59648E0-FD9B-4051-9D16-CA628FBA75A5',1411193887,7,'27208732','有信电话',170),('E59648E0-FD9B-4051-9D16-CA628FBA75A5',1411193908,4,'1a37f1df-4c83-4e0e-9b8d-2e5ccfab017c','春雨医生',180),('E59648E0-FD9B-4051-9D16-CA628FBA75A5',1411194124,3,'20140920141817421','大众点评-1分钱看电影',220),('E59648E0-FD9B-4051-9D16-CA628FBA75A5',1411194163,3,'201409201421366','影之刃',180),('E59648E0-FD9B-4051-9D16-CA628FBA75A5',1411194272,3,'20140920142338454','幻想江湖',180),('8036CBB3-463E-41CB-928F-091003E6B54A',1411194431,4,'b35a8ed1-fe22-4de8-a0f1-f78ce44a21e3','小师妹（古剑）',315),('8036CBB3-463E-41CB-928F-091003E6B54A',1411194649,7,'27209478','有信电话',170),('8036CBB3-463E-41CB-928F-091003E6B54A',1411194686,2,'391805','铁友火车票',150),('4309AE40-17B9-4805-8548-DA65335CD7D8',1411194985,7,'27209943','有信电话',170),('4309AE40-17B9-4805-8548-DA65335CD7D8',1411195334,4,'7e960992-0d00-451c-a3c3-500cd83e1d26','小师妹（古剑）',315),('8036CBB3-463E-41CB-928F-091003E6B54A',1411196218,4,'5b672522-6c1c-4d08-9037-f483c179269e','去哪儿旅行',180),('8036CBB3-463E-41CB-928F-091003E6B54A',1411196294,2,'395659','去哪儿旅行（注册）',200),('8036CBB3-463E-41CB-928F-091003E6B54A',1411196749,3,'20140920150104610','高铁管家',150),('8036CBB3-463E-41CB-928F-091003E6B54A',1411197228,3,'20140920150341894','幻想江湖',180),('8036CBB3-463E-41CB-928F-091003E6B54A',1411201668,3,'20140920152620414','折800',180),('8036CBB3-463E-41CB-928F-091003E6B54A',1411201819,3,'20140920150944939','影之刃',180),('E00C1601-47E9-4276-88F8-B7C5047C61FB',1411223853,4,'5c2bbfe5-e7c8-4afd-8d24-588a2ae7613b','小师妹（古剑）',315),('E00C1601-47E9-4276-88F8-B7C5047C61FB',1411224364,3,'20140920224532212','性价比-情趣社区商城',270),('E00C1601-47E9-4276-88F8-B7C5047C61FB',1411224423,3,'20140920224635716','大众点评-1分钱看电影',220),('E00C1601-47E9-4276-88F8-B7C5047C61FB',1411224483,2,'460594','铁友火车票',150),('E00C1601-47E9-4276-88F8-B7C5047C61FB',1411224573,2,'460768','百度糯米',300),('E00C1601-47E9-4276-88F8-B7C5047C61FB',1411224760,0,'1411224760871E00C1601-47E9-4276-88F8-B7C5047C61FB','影之刃',210),('E00C1601-47E9-4276-88F8-B7C5047C61FB',1411224818,3,'2014092022524728','影之刃',180),('E00C1601-47E9-4276-88F8-B7C5047C61FB',1411224949,7,'27226298','同程旅游',150),('E00C1601-47E9-4276-88F8-B7C5047C61FB',1411225248,2,'461895','去哪儿旅行（注册）',200),('9B83F352-6B31-4D5D-A891-89E2EB5863B0',1411225710,4,'a264fb59-7911-4ddf-bd43-211e97327f96','影之刃',180),('9B83F352-6B31-4D5D-A891-89E2EB5863B0',1411225909,4,'bc1d6a7c-3587-43d1-b7c2-6c3e158d2916','UXIN免费电话',180),('9B83F352-6B31-4D5D-A891-89E2EB5863B0',1411226051,0,'14112260464229B83F352-6B31-4D5D-A891-89E2EB5863B0','艺龙',140),('9B83F352-6B31-4D5D-A891-89E2EB5863B0',1411226319,2,'463857','51 信用卡管家（注册）',170),('5C908FEC-6189-4CB0-990B-09922BAD84C7',1411227270,0,'14111407735095C908FEC-6189-4CB0-990B-09922BAD84C7','美团团购-1元看电影',50),('8E9D12FB-D1D5-40D4-908C-45A32913A79D',1411227529,2,'465577','百度糯米',300),('8E9D12FB-D1D5-40D4-908C-45A32913A79D',1411227768,2,'465884','小师妹',250),('8E9D12FB-D1D5-40D4-908C-45A32913A79D',1411227925,2,'466040','铁友火车票',150),('8E9D12FB-D1D5-40D4-908C-45A32913A79D',1411229209,2,'467631','挖财记账理财（注册）',120),('8E9D12FB-D1D5-40D4-908C-45A32913A79D',1411230186,3,'20140921002218561','性价比-情趣社区商城',270),('8E9D12FB-D1D5-40D4-908C-45A32913A79D',1411230268,2,'469877','去哪儿旅行（注册）',200),('8E9D12FB-D1D5-40D4-908C-45A32913A79D',1411230452,0,'14112303875508E9D12FB-D1D5-40D4-908C-45A32913A79D','高德地图',180),('507B3001-4FDF-4DCB-8AE1-3E8D04A2B349',1411274459,4,'98a6a1b6-917a-4756-8292-17dee958041e','小师妹（古剑）',270),('507B3001-4FDF-4DCB-8AE1-3E8D04A2B349',1411274747,3,'20140921124409842','百度糯米',170),('507B3001-4FDF-4DCB-8AE1-3E8D04A2B349',1411274916,4,'9b9923d3-b82b-403e-82dd-fa28000ba71d','春雨医生',180),('507B3001-4FDF-4DCB-8AE1-3E8D04A2B349',1411275750,3,'20140921130104365','高铁管家',150),('507B3001-4FDF-4DCB-8AE1-3E8D04A2B349',1411277289,3,'2014092113260711','折800',180),('507B3001-4FDF-4DCB-8AE1-3E8D04A2B349',1411277484,7,'27287252','汽车报价',150),('507B3001-4FDF-4DCB-8AE1-3E8D04A2B349',1411277620,7,'27284374','去哪儿',180),('911531BA-89DF-40A9-A395-8D917B752EB5',1411287060,4,'c701673f56644958ba557dbc5133d627','黑暗光年',900),('9B83F352-6B31-4D5D-A891-89E2EB5863B0',1411304436,7,'27257244','百度手机卫士',150),('636EF3F5-47FC-4CE3-99C9-F24CA7D3FA27',1411313438,2,'605980','51 信用卡管家（注册）',170),('636EF3F5-47FC-4CE3-99C9-F24CA7D3FA27',1411313532,0,'1411313418144636EF3F5-47FC-4CE3-99C9-F24CA7D3FA27','艺龙',140),('636EF3F5-47FC-4CE3-99C9-F24CA7D3FA27',1411313661,3,'20140921233319975','大众点评-1分钱看电影',220),('636EF3F5-47FC-4CE3-99C9-F24CA7D3FA27',1411314081,4,'c9099f37-eb2d-4f55-b09e-c9f5ef5f4682','去哪儿旅行',180),('636EF3F5-47FC-4CE3-99C9-F24CA7D3FA27',1411314163,2,'606698','去哪儿旅行（注册）',200),('AD0EF725-CE57-401E-B1E3-3A870C4EC5A8',1411315052,0,'1411315031365AD0EF725-CE57-401E-B1E3-3A870C4EC5A8','艺龙',140),('AD0EF725-CE57-401E-B1E3-3A870C4EC5A8',1411315148,4,'ba83bf90-da63-4561-9dc3-c81bcb69ce0e','UXIN免费电话',180);
/*!40000 ALTER TABLE `db_task_log` ENABLE KEYS */;
UNLOCK TABLES;

--
-- Table structure for table `db_user`
--

DROP TABLE IF EXISTS `db_user`;
/*!40101 SET @saved_cs_client     = @@character_set_client */;
/*!40101 SET character_set_client = utf8 */;
CREATE TABLE `db_user` (
  `id` varchar(255) COLLATE utf8_bin NOT NULL COMMENT '用户id',
  `score_current` int(10) unsigned DEFAULT '0',
  `score_total` bigint(20) unsigned NOT NULL DEFAULT '0' COMMENT '用户历史总积分',
  `account` varchar(255) COLLATE utf8_bin DEFAULT NULL COMMENT '支付宝账号',
  `tokens` varchar(255) COLLATE utf8_bin DEFAULT NULL,
  PRIMARY KEY (`id`)
) ENGINE=InnoDB DEFAULT CHARSET=utf8 COLLATE=utf8_bin;
/*!40101 SET character_set_client = @saved_cs_client */;

--
-- Dumping data for table `db_user`
--

LOCK TABLES `db_user` WRITE;
/*!40000 ALTER TABLE `db_user` DISABLE KEYS */;
INSERT INTO `db_user` VALUES ('145627C0-CB4C-4450-97BF-A697FF697FD1',0,0,'[]','1cb805a5f9be9aced808fd012c71acd40b7020c0cf2a0dbd1a84c139177ae0be'),('199856BA-21F8-44D8-95CC-EF82BBCF7B48',1120,1120,'[]','31e45ec45977603adf584cf3d82447babe328849b5cbf9b0c30e96fdbfdf4db6'),('3B8FDC7D-D60D-476F-A621-A8B8284BEF73',1245,1245,'[]','99d49373985874e815b9fe20d9d310442fbff75bf1841ffdb938675fa427017b'),('4309AE40-17B9-4805-8548-DA65335CD7D8',485,485,'[]','b39ee44b6ab777093109e5ad59f861cc7360f9f9f66474a4dc1458b05cc45a39'),('507B3001-4FDF-4DCB-8AE1-3E8D04A2B349',1280,1280,'[]','6ba42f56bc3d0c67629126b27c274263c39b2091148da1ef2c7e4012ae8c4157'),('5C802484-7472-45B2-9FCC-584104993923',0,0,'[]','1e05ee228d22f33183e8cf5c7c199f48b48aefcb53fed0f23924341509ff1ca5'),('5C908FEC-6189-4CB0-990B-09922BAD84C7',50,50,'[]',NULL),('636EF3F5-47FC-4CE3-99C9-F24CA7D3FA27',10,10,'18697408380','ed4b8eeb416f1b7aa0a81c04b7cd8286ab0a6026df352599fb11de4fbe81b21a'),('8036CBB3-463E-41CB-928F-091003E6B54A',1705,1705,'[]','127e31d64b8eed7d7a03da6f7bdedd9b04e436f3900fca2268cad109cb687420'),('8E9D12FB-D1D5-40D4-908C-45A32913A79D',1470,1470,'[]','f9363d9ade77573f416d0ad738161e63267de9191d5616aee687eec9a0bb56fe'),('90DE6119-96E6-4877-8625-0C247888AB9B',1545,1545,'[]','542c5d1c9e76f1a486a9fdce8ebd8d9fc173ddb25fe58ebe191eeed25c0e2c96'),('911531BA-89DF-40A9-A395-8D917B752EB5',273,273,'dkkdnxnmhjj','8c51efd14723181c4a817fe0c50ae68420887a1dc38bcbc464950b49f39781ec'),('9B83F352-6B31-4D5D-A891-89E2EB5863B0',820,820,'[]','b69764c5f57959b24fbb469c5c14e140c9ff2eff7571f189a4111335ec8b9c1b'),('AD0EF725-CE57-401E-B1E3-3A870C4EC5A8',0,0,'18697408380','af82d1edb733f1099c02182fdadd28cac86ae69a2cf370b15522592a9388be5d'),('E00C1601-47E9-4276-88F8-B7C5047C61FB',1995,1995,'[]','0d4503b45a1e9dc8b2b1d573780736affb16053b797edbadd9cc37ec7ac332b7'),('E59648E0-FD9B-4051-9D16-CA628FBA75A5',1550,1550,'[]','0970f826ed7584265a3919ae6aaa0086adb1bb1713ae24692f1b23e70213c96a'),('F08615CA-075A-4BD8-BA09-79FCD69B986A',0,0,'[]',NULL),('F7CD7238-611C-4DD0-8B5E-D4823E074AC0',0,0,'[]',NULL),('FC4A3BEB-EA61-4458-82BB-EC7D56DD8381',0,0,'[]','451451ec01aa66e64a1070a1f8eb5a2f1a831d6de8655abc00b8414c9591293e');
/*!40000 ALTER TABLE `db_user` ENABLE KEYS */;
UNLOCK TABLES;
/*!40103 SET TIME_ZONE=@OLD_TIME_ZONE */;

/*!40101 SET SQL_MODE=@OLD_SQL_MODE */;
/*!40014 SET FOREIGN_KEY_CHECKS=@OLD_FOREIGN_KEY_CHECKS */;
/*!40014 SET UNIQUE_CHECKS=@OLD_UNIQUE_CHECKS */;
/*!40101 SET CHARACTER_SET_CLIENT=@OLD_CHARACTER_SET_CLIENT */;
/*!40101 SET CHARACTER_SET_RESULTS=@OLD_CHARACTER_SET_RESULTS */;
/*!40101 SET COLLATION_CONNECTION=@OLD_COLLATION_CONNECTION */;
/*!40111 SET SQL_NOTES=@OLD_SQL_NOTES */;

-- Dump completed on 2014-09-22  3:17:16
